085627.jpg,1
069402.jpg,1
264895.jpg,1
038250.jpg,1
177447.jpg,1
131226.jpg,1
032179.jpg,1
466077.jpg,1
410148.jpg,1
271675.jpg,1
444739.jpg,1
054407.jpg,1
296540.jpg,1
353201.jpg,1
438508.jpg,1
419329.jpg,1
026268.jpg,1
051702.jpg,1
057505.jpg,1
202273.jpg,1
177111.jpg,1
080350.jpg,0
357716.jpg,0
260498.jpg,0
472847.jpg,0
087875.jpg,0
331234.jpg,0
250417.jpg,0
401023.jpg,0
199255.jpg,0
333833.jpg,0
450437.jpg,0
285334.jpg,0
415169.jpg,0
107433.jpg,0
168450.jpg,1
489648.jpg,1
185886.jpg,1
145166.jpg,1
286413.jpg,1
299005.jpg,1
153433.jpg,1
115312.jpg,1
363424.jpg,1
225101.jpg,1
082374.jpg,1
143671.jpg,1
439725.jpg,1
240455.jpg,1
259933.jpg,1
332765.jpg,1
031081.jpg,1
117414.jpg,1
348088.jpg,1
350722.jpg,1
141833.jpg,1
094078.jpg,1
207473.jpg,1
291479.jpg,1
046968.jpg,1
052206.jpg,1
344622.jpg,1
490247.jpg,1
351220.jpg,1
001251.jpg,1
429504.jpg,1
198863.jpg,1
112910.jpg,1
271170.jpg,1
423890.jpg,1
448725.jpg,1
287315.jpg,0
430732.jpg,0
272306.jpg,0
244350.jpg,0
028210.jpg,0
494281.jpg,0
492346.jpg,0
454866.jpg,0
145087.jpg,0
048433.jpg,0
165864.jpg,0
030047.jpg,0
199590.jpg,0
189882.jpg,0
114874.jpg,0
046804.jpg,1
039898.jpg,1
323334.jpg,1
024147.jpg,1
391762.jpg,1
101464.jpg,1
252149.jpg,1
473975.jpg,1
072486.jpg,1
432465.jpg,1
129219.jpg,1
330637.jpg,1
037178.jpg,1
178922.jpg,1
173455.jpg,1
360737.jpg,1
209909.jpg,1
439811.jpg,1
011763.jpg,1
039871.jpg,1
339532.jpg,1
303944.jpg,1
301224.jpg,1
050231.jpg,1
218148.jpg,1
466615.jpg,1
363029.jpg,1
491407.jpg,1
487928.jpg,1
371255.jpg,1
237004.jpg,1
128701.jpg,1
399299.jpg,1
235250.jpg,1
111369.jpg,1
109116.jpg,1
246400.jpg,1
391120.jpg,0
062798.jpg,0
409512.jpg,0
066241.jpg,0
413857.jpg,0
442316.jpg,0
318524.jpg,0
416090.jpg,0
034123.jpg,0
400874.jpg,0
174557.jpg,0
026086.jpg,0
064468.jpg,0
221163.jpg,0
093332.jpg,1
446858.jpg,1
279945.jpg,1
200354.jpg,1
289547.jpg,1
269721.jpg,1
206977.jpg,1
137082.jpg,1
038620.jpg,1
212442.jpg,1
252928.jpg,1
257871.jpg,1
405417.jpg,1
072446.jpg,1
494098.jpg,1
149329.jpg,1
053538.jpg,1
207990.jpg,1
039705.jpg,1
110696.jpg,1
379875.jpg,1
213802.jpg,1
062508.jpg,1
175822.jpg,1
349127.jpg,1
081428.jpg,1
080683.jpg,1
045957.jpg,1
101325.jpg,1
266675.jpg,1
273343.jpg,1
452493.jpg,1
450330.jpg,0
071552.jpg,0
399692.jpg,0
022322.jpg,0
019834.jpg,0
477714.jpg,0
384079.jpg,0
205887.jpg,0
156241.jpg,0
115351.jpg,0
397691.jpg,0
020399.jpg,1
406883.jpg,1
475921.jpg,1
432197.jpg,1
208405.jpg,1
335053.jpg,1
420759.jpg,1
467991.jpg,1
310730.jpg,1
315445.jpg,1
290204.jpg,1
303650.jpg,1
436939.jpg,1
444238.jpg,1
109936.jpg,1
375818.jpg,1
381512.jpg,1
202569.jpg,0
178421.jpg,0
024276.jpg,0
488949.jpg,0
142164.jpg,0
469851.jpg,0
111095.jpg,0
194826.jpg,0
149283.jpg,0
028614.jpg,0
361563.jpg,0
052228.jpg,0
216257.jpg,0
360994.jpg,0
475648.jpg,1
242942.jpg,1
205298.jpg,1
047727.jpg,1
434622.jpg,1
171408.jpg,1
062615.jpg,1
161330.jpg,1
458656.jpg,1
050070.jpg,1
217081.jpg,1
070890.jpg,1
004080.jpg,1
295224.jpg,1
493744.jpg,1
220899.jpg,1
428578.jpg,1
007086.jpg,1
117216.jpg,1
420978.jpg,1
153460.jpg,1
402411.jpg,1
050955.jpg,1
435769.jpg,1
006166.jpg,1
056128.jpg,1
431087.jpg,1
470485.jpg,1
347260.jpg,1
131867.jpg,1
027559.jpg,1
182225.jpg,1
418704.jpg,1
260710.jpg,1
106512.jpg,0
454450.jpg,0
220298.jpg,0
030019.jpg,0
321420.jpg,0
065623.jpg,0
260819.jpg,0
239577.jpg,0
415230.jpg,1
438643.jpg,1
483568.jpg,1
315290.jpg,1
494048.jpg,1
308382.jpg,1
039252.jpg,1
420987.jpg,1
021802.jpg,1
473621.jpg,1
431044.jpg,1
491912.jpg,1
084052.jpg,1
393554.jpg,1
381085.jpg,1
456820.jpg,1
007777.jpg,1
413813.jpg,1
161262.jpg,1
354418.jpg,0
161529.jpg,0
403989.jpg,0
365843.jpg,0
122715.jpg,0
265503.jpg,0
094804.jpg,0
071503.jpg,0
226616.jpg,0
079135.jpg,0
492310.jpg,0
047849.jpg,0
095005.jpg,0
024883.jpg,1
285782.jpg,1
417377.jpg,1
485214.jpg,1
108888.jpg,1
370764.jpg,1
493623.jpg,1
048100.jpg,1
337639.jpg,1
218435.jpg,1
261131.jpg,1
121951.jpg,1
004961.jpg,1
226632.jpg,1
198942.jpg,1
204043.jpg,1
152201.jpg,1
115802.jpg,1
235771.jpg,1
062372.jpg,1
301500.jpg,1
313758.jpg,1
448953.jpg,1
043988.jpg,1
308648.jpg,1
441682.jpg,1
315278.jpg,1
239673.jpg,1
196650.jpg,1
266939.jpg,1
493285.jpg,0
171071.jpg,0
016340.jpg,0
378934.jpg,0
143033.jpg,0
213445.jpg,0
271937.jpg,0
406856.jpg,0
313443.jpg,0
254617.jpg,1
102701.jpg,1
479848.jpg,1
310700.jpg,1
043325.jpg,1
413920.jpg,1
019346.jpg,1
264277.jpg,1
239236.jpg,1
146478.jpg,1
015540.jpg,1
262259.jpg,1
213426.jpg,1
100433.jpg,1
021536.jpg,1
302176.jpg,1
179318.jpg,1
105070.jpg,1
180815.jpg,1
440827.jpg,1
365499.jpg,1
398677.jpg,1
288468.jpg,1
468455.jpg,1
490175.jpg,1
154199.jpg,1
431796.jpg,1
463933.jpg,1
314737.jpg,1
450175.jpg,1
194788.jpg,0
192881.jpg,0
358869.jpg,0
198965.jpg,1
023780.jpg,1
080103.jpg,1
245450.jpg,1
211158.jpg,1
045562.jpg,1
306678.jpg,1
216051.jpg,1
350862.jpg,1
057635.jpg,1
072001.jpg,1
308499.jpg,1
296043.jpg,1
461248.jpg,1
094444.jpg,1
236504.jpg,1
036263.jpg,1
288460.jpg,1
325095.jpg,1
125615.jpg,1
459147.jpg,1
288819.jpg,1
248656.jpg,1
051987.jpg,1
137018.jpg,0
262931.jpg,0
480652.jpg,0
062641.jpg,0
095527.jpg,0
394544.jpg,0
480447.jpg,0
298714.jpg,0
214113.jpg,0
236896.jpg,0
041477.jpg,0
053670.jpg,0
452835.jpg,0
155557.jpg,0
433404.jpg,0
357782.jpg,1
276178.jpg,1
201401.jpg,1
083322.jpg,1
404336.jpg,1
048667.jpg,1
447753.jpg,1
329408.jpg,1
037266.jpg,1
488002.jpg,1
144065.jpg,1
272738.jpg,1
353689.jpg,1
003389.jpg,1
415758.jpg,1
091676.jpg,1
414797.jpg,1
237414.jpg,1
413802.jpg,1
486810.jpg,1
100190.jpg,1
063084.jpg,1
389968.jpg,1
006052.jpg,1
068318.jpg,1
055780.jpg,1
220984.jpg,1
106855.jpg,1
406870.jpg,1
039056.jpg,1
079088.jpg,1
245523.jpg,1
163465.jpg,1
417175.jpg,1
106465.jpg,1
343422.jpg,1
190429.jpg,1
032197.jpg,1
268131.jpg,1
400254.jpg,1
129644.jpg,1
476620.jpg,1
147540.jpg,1
247986.jpg,1
107606.jpg,1
337187.jpg,1
184670.jpg,1
148020.jpg,1
156418.jpg,1
007719.jpg,1
420748.jpg,1
089145.jpg,1
168764.jpg,1
027130.jpg,1
356083.jpg,1
179946.jpg,0
321519.jpg,0
029662.jpg,0
241736.jpg,0
482701.jpg,0
235487.jpg,0
146859.jpg,0
211009.jpg,0
063465.jpg,0
268801.jpg,0
111084.jpg,0
447696.jpg,1
349588.jpg,1
066010.jpg,1
425867.jpg,1
185332.jpg,1
048769.jpg,1
088874.jpg,1
004104.jpg,1
015096.jpg,1
131618.jpg,1
116631.jpg,1
396742.jpg,1
153498.jpg,1
330759.jpg,0
420550.jpg,0
375972.jpg,0
417486.jpg,0
390075.jpg,0
095898.jpg,0
282123.jpg,0
254218.jpg,0
255580.jpg,0
481399.jpg,0
384655.jpg,0
047892.jpg,0
048449.jpg,1
246977.jpg,1
380685.jpg,1
244388.jpg,1
217029.jpg,1
359805.jpg,1
066228.jpg,1
233335.jpg,1
259885.jpg,1
095191.jpg,1
470282.jpg,1
129243.jpg,1
034314.jpg,1
318419.jpg,1
402637.jpg,1
383031.jpg,1
034444.jpg,1
072674.jpg,1
385248.jpg,1
401539.jpg,1
153060.jpg,1
126849.jpg,1
247823.jpg,1
233006.jpg,1
359058.jpg,1
052145.jpg,1
420390.jpg,1
167760.jpg,1
238021.jpg,1
482447.jpg,0
229673.jpg,0
404896.jpg,0
332367.jpg,0
279826.jpg,0
102083.jpg,0
405365.jpg,0
170909.jpg,0
297851.jpg,0
118530.jpg,0
067612.jpg,1
403965.jpg,1
229742.jpg,1
117267.jpg,1
339419.jpg,1
257670.jpg,1
351658.jpg,1
250781.jpg,1
104552.jpg,1
357268.jpg,1
116105.jpg,1
133083.jpg,1
155460.jpg,1
107404.jpg,1
179542.jpg,1
025765.jpg,1
084103.jpg,1
226085.jpg,1
273676.jpg,1
282000.jpg,1
273717.jpg,1
386678.jpg,1
027338.jpg,1
207347.jpg,1
289835.jpg,1
256847.jpg,1
391154.jpg,1
312131.jpg,1
027464.jpg,1
127740.jpg,1
316696.jpg,1
174988.jpg,1
466851.jpg,1
072496.jpg,1
025131.jpg,0
449005.jpg,0
269979.jpg,0
246416.jpg,0
381787.jpg,0
227677.jpg,0
285525.jpg,0
137142.jpg,0
331531.jpg,0
451509.jpg,0
386007.jpg,0
160543.jpg,0
427383.jpg,0
056759.jpg,0
214428.jpg,0
026304.jpg,0
136108.jpg,0
191723.jpg,0
291519.jpg,0
050920.jpg,0
262071.jpg,1
216224.jpg,1
472900.jpg,1
483287.jpg,1
091225.jpg,1
136045.jpg,1
239798.jpg,1
005270.jpg,1
258739.jpg,1
077246.jpg,1
029013.jpg,1
048836.jpg,1
105759.jpg,1
435005.jpg,1
455113.jpg,1
228930.jpg,1
410758.jpg,1
242363.jpg,1
160066.jpg,1
148069.jpg,1
030117.jpg,1
129786.jpg,1
400504.jpg,1
014044.jpg,1
335608.jpg,1
185973.jpg,1
466850.jpg,1
412698.jpg,1
464179.jpg,1
288757.jpg,1
117901.jpg,0
318826.jpg,0
326949.jpg,0
296572.jpg,0
230603.jpg,1
149643.jpg,1
408728.jpg,1
433804.jpg,1
449276.jpg,1
037145.jpg,1
168560.jpg,1
125716.jpg,1
378100.jpg,1
255529.jpg,1
416464.jpg,1
045116.jpg,1
339646.jpg,1
320395.jpg,1
493275.jpg,1
192727.jpg,1
206160.jpg,1
206500.jpg,1
447096.jpg,1
155786.jpg,1
391235.jpg,1
412617.jpg,1
208832.jpg,0
176734.jpg,0
147336.jpg,0
264224.jpg,0
207209.jpg,0
210029.jpg,0
038001.jpg,0
094064.jpg,0
456626.jpg,1
270303.jpg,1
240772.jpg,1
273107.jpg,1
048074.jpg,1
403215.jpg,1
095678.jpg,1
233406.jpg,1
148389.jpg,1
022225.jpg,1
308454.jpg,1
038966.jpg,1
249461.jpg,1
388123.jpg,1
025971.jpg,1
358080.jpg,1
470101.jpg,1
369641.jpg,1
235422.jpg,1
043601.jpg,1
222922.jpg,1
415212.jpg,1
423709.jpg,1
332753.jpg,1
450956.jpg,1
024028.jpg,1
483922.jpg,1
396875.jpg,1
004125.jpg,1
099592.jpg,1
386326.jpg,1
164200.jpg,1
121540.jpg,1
145241.jpg,1
491349.jpg,1
277677.jpg,1
346153.jpg,0
295316.jpg,0
395370.jpg,0
424773.jpg,0
076550.jpg,0
280076.jpg,0
100972.jpg,0
057605.jpg,1
310294.jpg,1
043368.jpg,1
225827.jpg,1
313625.jpg,1
086474.jpg,1
246720.jpg,1
488492.jpg,1
312255.jpg,1
313861.jpg,1
259017.jpg,1
286136.jpg,1
100415.jpg,1
